{
  "trained_at_utc": "2026-05-29T13:53:29.672874Z",
  "data_source": "CSV (full_data.csv) + DB",
  "csv_matches": 34061,
  "db_matches": 2032,
  "total_rows": 36093,
  "feature_columns": [
    "home_elo_pre",
    "away_elo_pre",
    "elo_diff",
    "elo_ratio",
    "home_form_points_5",
    "away_form_points_5",
    "form_diff_5",
    "home_home_form_5",
    "away_away_form_5",
    "venue_form_diff",
    "home_goals_for_avg_10",
    "away_goals_for_avg_10",
    "home_goals_against_avg_10",
    "away_goals_against_avg_10",
    "home_goal_diff_avg_10",
    "away_goal_diff_avg_10",
    "home_btts_rate_10",
    "away_btts_rate_10",
    "home_form_vs_strong_5",
    "away_form_vs_strong_5",
    "rest_days_diff",
    "is_weekend",
    "h2h_home_win_rate",
    "h2h_draw_rate",
    "h2h_avg_goals",
    "league_premier_league",
    "league_la_liga",
    "league_bundesliga",
    "league_serie_a",
    "league_ligue_1",
    "league_ucl",
    "league_other"
  ],
  "train": {
    "rows": 30679
  },
  "test": {
    "rows": 5414
  },
  "models": {
    "pytorch_raw": {
      "train": {
        "rows": 30679,
        "accuracy": 0.4989732390234362,
        "log_loss": 0.9984324716630775,
        "brier_home_win": 0.22308461368083954,
        "brier_draw": 0.1942083239555359,
        "brier_away_win": 0.1793050765991211,
        "confusion_matrix": [
          [
            9432,
            3261,
            1439
          ],
          [
            3833,
            2619,
            1494
          ],
          [
            2858,
            2486,
            3257
          ]
        ]
      },
      "test": {
        "rows": 5414,
        "accuracy": 0.4835611377909125,
        "log_loss": 1.0247521501877113,
        "brier_home_win": 0.2180504947900772,
        "brier_draw": 0.19443655014038086,
        "brier_away_win": 0.1988443285226822,
        "confusion_matrix": [
          [
            1598,
            491,
            217
          ],
          [
            703,
            420,
            251
          ],
          [
            589,
            545,
            600
          ]
        ]
      }
    },
    "pytorch_isotonic": {
      "train": {
        "rows": 30679,
        "accuracy": 0.5221161054793181,
        "log_loss": 0.9831113478223282,
        "brier_home_win": 0.21973328292369843,
        "brier_draw": 0.18851299583911896,
        "brier_away_win": 0.17847764492034912,
        "confusion_matrix": [
          [
            12189,
            167,
            1776
          ],
          [
            5963,
            193,
            1790
          ],
          [
            4813,
            152,
            3636
          ]
        ]
      },
      "test": {
        "rows": 5414,
        "accuracy": 0.5042482452899889,
        "log_loss": 1.0135439090865688,
        "brier_home_win": 0.21885690093040466,
        "brier_draw": 0.18831010162830353,
        "brier_away_win": 0.19700904190540314,
        "confusion_matrix": [
          [
            2005,
            35,
            266
          ],
          [
            1044,
            27,
            303
          ],
          [
            1000,
            36,
            698
          ]
        ]
      }
    }
  }
}