{
  "version": "xg_model_v2_csv",
  "trained_at_utc": "2026-05-29T14:25:11.585765+00:00Z",
  "training_data": {
    "rows": 67932,
    "train_rows": 57742,
    "test_rows": 10190
  },
  "metrics": {
    "poisson": {
      "test": {
        "mae": 0.9212108270504947,
        "rmse": 1.1799882201791707,
        "r2": 0.108451100161575,
        "mean_pred": 1.3675748663387637,
        "mean_true": 1.4012757539749146
      }
    },
    "lightgbm": {
      "test": {
        "mae": 0.9216521920693651,
        "rmse": 1.181977697388621,
        "r2": 0.10544223711941647,
        "mean_pred": 1.35735551113489,
        "mean_true": 1.4012757539749146
      }
    },
    "best": {
      "name": "Ensemble",
      "test": {
        "mae": 0.919911116023578,
        "rmse": 1.179065374798237,
        "r2": 0.10984508026610873,
        "mean_pred": 1.3624651887368269,
        "mean_true": 1.4012757539749146
      }
    }
  }
}